"id","first_name","last_name","date_of_birth","email","phone","address","zip_code","gender","create_date","update_date","created_by","updated_by","active"
"1","Marco1","Pedroza1","NULL","NULL","NULL","NULL","NULL","NULL","2020-01-14T13:23:12","NULL","1","NULL","Y"
"2","Marco2","Pedroza2","NULL","NULL","NULL","NULL","NULL","NULL","2020-01-14T13:23:12","NULL","1","NULL","Y"
"3","Marco3","Pedroza3","NULL","NULL","NULL","NULL","NULL","NULL","2020-01-14T13:23:12","NULL","1","NULL","Y"
"4","Marco4","Pedroza4","NULL","NULL","NULL","NULL","NULL","NULL","2020-01-14T13:23:12","NULL","1","NULL","Y"
"5","Marco5","Pedroza5","NULL","NULL","NULL","NULL","NULL","NULL","2020-01-14T13:23:12","NULL","1","NULL","Y"
"6","Marco6","Pedroza6","NULL","NULL","NULL","NULL","NULL","NULL","2020-01-14T13:23:12","NULL","1","NULL","Y"
"7","Marco7","Pedroza7","NULL","NULL","NULL","NULL","NULL","NULL","2020-01-14T13:23:12","NULL","1","NULL","Y"
"8","Marco8","Pedroza8","NULL","NULL","NULL","NULL","NULL","NULL","2020-01-14T13:23:12","NULL","1","NULL","Y"
"9","Marco9","Pedroza9","NULL","NULL","NULL","NULL","NULL","NULL","2020-01-14T13:23:12","NULL","1","NULL","Y"
"10","Marco10","Pedroza10","NULL","NULL","NULL","NULL","NULL","NULL","2020-01-14T13:23:12","NULL","1","NULL","Y"
"11","Marco11","Pedroza11","NULL","NULL","NULL","NULL","NULL","NULL","2020-01-14T13:23:12","NULL","1","NULL","Y"
"12","Marco12","Pedroza12","NULL","NULL","NULL","NULL","NULL","NULL","2020-01-14T13:23:12","NULL","1","NULL","Y"
"13","Marco13","Pedroza13","NULL","NULL","NULL","NULL","NULL","NULL","2020-01-14T13:23:12","NULL","1","NULL","Y"
"14","Marco14","Pedroza14","NULL","NULL","NULL","NULL","NULL","NULL","2020-01-14T13:23:12","NULL","1","NULL","Y"
"15","Marco15","Pedroza15","NULL","NULL","NULL","NULL","NULL","NULL","2020-01-14T13:23:13","NULL","1","NULL","Y"
"16","Marco16","Pedroza16","NULL","NULL","NULL","NULL","NULL","NULL","2020-01-14T13:23:13","NULL","1","NULL","Y"
"17","Marco17","Pedroza17","NULL","NULL","NULL","NULL","NULL","NULL","2020-01-14T13:23:13","NULL","1","NULL","Y"
"18","Marco18","Pedroza18","NULL","NULL","NULL","NULL","NULL","NULL","2020-01-14T13:23:13","NULL","1","NULL","Y"
"19","Marco19","Pedroza19","NULL","NULL","NULL","NULL","NULL","NULL","2020-01-14T13:23:13","NULL","1","NULL","Y"
"20","Marco20","Pedroza20","NULL","NULL","NULL","NULL","NULL","NULL","2020-01-14T13:23:13","NULL","1","NULL","Y"
"21","Marco21","Pedroza21","NULL","NULL","NULL","NULL","NULL","NULL","2020-01-14T13:23:13","NULL","1","NULL","Y"
"22","Marco22","Pedroza22","NULL","NULL","NULL","NULL","NULL","NULL","2020-01-14T13:23:13","NULL","1","NULL","Y"
"23","Marco23","Pedroza23","NULL","NULL","NULL","NULL","NULL","NULL","2020-01-14T13:23:13","NULL","1","NULL","Y"
"24","Marco24","Pedroza24","NULL","NULL","NULL","NULL","NULL","NULL","2020-01-14T13:23:13","NULL","1","NULL","Y"
"25","Marco25","Pedroza25","NULL","NULL","NULL","NULL","NULL","NULL","2020-01-14T13:23:13","NULL","1","NULL","Y"
"26","Marco26","Pedroza26","NULL","NULL","NULL","NULL","NULL","NULL","2020-01-14T13:23:13","NULL","1","NULL","Y"
"27","Marco27","Pedroza27","NULL","NULL","NULL","NULL","NULL","NULL","2020-01-14T13:23:13","NULL","1","NULL","Y"
"28","control","control","NULL","NULL","NULL","NULL","NULL","NULL","2020-01-14T14:34:22","2020-01-14T14:35:14","1","1","N"
